{
  "data": [
    {
      "id": 1,
      "image": "http://dummyimage.com/108x107.jpg/dddddd/000000",
      "product_name": "SX4",
      "product_id": 3245,
      "category": "Suzuki",
      "price": 4489.8,
      "status": "Yellow",
      "ratings": 1,
      "views": 150.03,
      "sales": 13380.57,
      "action": 1
    },
    {
      "id": 2,
      "image": "http://dummyimage.com/145x132.jpg/cc0000/ffffff",
      "product_name": "Corvette",
      "product_id": 4331,
      "category": "Chevrolet",
      "price": 4919.59,
      "status": "Blue",
      "ratings": 4,
      "views": 71.51,
      "sales": 20643.99,
      "action": 2
    },
    {
      "id": 3,
      "image": "http://dummyimage.com/133x145.jpg/5fa2dd/ffffff",
      "product_name": "Jetta",
      "product_id": 4688,
      "category": "Volkswagen",
      "price": 2450.27,
      "status": "Mauv",
      "ratings": 3,
      "views": 87.99,
      "sales": 12658.3,
      "action": 3
    },
    {
      "id": 4,
      "image": "http://dummyimage.com/121x143.jpg/5fa2dd/ffffff",
      "product_name": "4000CS Quattro",
      "product_id": 8985,
      "category": "Audi",
      "price": 1550.89,
      "status": "Crimson",
      "ratings": 4,
      "views": 70.95,
      "sales": 5425.96,
      "action": 4
    },
    {
      "id": 5,
      "image": "http://dummyimage.com/143x137.jpg/ff4444/ffffff",
      "product_name": "LaCrosse",
      "product_id": 2912,
      "category": "Buick",
      "price": 3008.45,
      "status": "Khaki",
      "ratings": 4,
      "views": 142.7,
      "sales": 3425.71,
      "action": 5
    },
    {
      "id": 6,
      "image": "http://dummyimage.com/133x138.jpg/dddddd/000000",
      "product_name": "Rio",
      "product_id": 7422,
      "category": "Kia",
      "price": 1552.83,
      "status": "Maroon",
      "ratings": 4,
      "views": 174.37,
      "sales": 24457.54,
      "action": 6
    },
    {
      "id": 7,
      "image": "http://dummyimage.com/129x106.jpg/ff4444/ffffff",
      "product_name": "Suburban",
      "product_id": 4135,
      "category": "Chevrolet",
      "price": 2346.62,
      "status": "Indigo",
      "ratings": 4,
      "views": 140.5,
      "sales": 22310.81,
      "action": 7
    },
    {
      "id": 8,
      "image": "http://dummyimage.com/131x127.jpg/ff4444/ffffff",
      "product_name": "Scoupe",
      "product_id": 4055,
      "category": "Hyundai",
      "price": 4511.85,
      "status": "Fuscia",
      "ratings": 5,
      "views": 117.62,
      "sales": 3495.42,
      "action": 8
    },
    {
      "id": 9,
      "image": "http://dummyimage.com/101x146.jpg/dddddd/000000",
      "product_name": "Ram Van 2500",
      "product_id": 7888,
      "category": "Dodge",
      "price": 2095.83,
      "status": "Fuscia",
      "ratings": 3,
      "views": 36.08,
      "sales": 6461.58,
      "action": 9
    },
    {
      "id": 10,
      "image": "http://dummyimage.com/109x118.jpg/5fa2dd/ffffff",
      "product_name": "Mountaineer",
      "product_id": 6238,
      "category": "Mercury",
      "price": 3373.04,
      "status": "Puce",
      "ratings": 5,
      "views": 228.54,
      "sales": 9754.33,
      "action": 10
    },
    {
      "id": 11,
      "image": "http://dummyimage.com/110x120.jpg/cc0000/ffffff",
      "product_name": "Highlander",
      "product_id": 4828,
      "category": "Toyota",
      "price": 2545.9,
      "status": "Pink",
      "ratings": 2,
      "views": 70.92,
      "sales": 9021.66,
      "action": 11
    },
    {
      "id": 12,
      "image": "http://dummyimage.com/101x107.jpg/5fa2dd/ffffff",
      "product_name": "Spectra",
      "product_id": 3543,
      "category": "Kia",
      "price": 2243.95,
      "status": "Turquoise",
      "ratings": 5,
      "views": 179.9,
      "sales": 18565.28,
      "action": 12
    },
    {
      "id": 13,
      "image": "http://dummyimage.com/118x112.jpg/5fa2dd/ffffff",
      "product_name": "F-Series",
      "product_id": 5446,
      "category": "Ford",
      "price": 2058.59,
      "status": "Yellow",
      "ratings": 4,
      "views": 36.84,
      "sales": 16098.91,
      "action": 13
    },
    {
      "id": 14,
      "image": "http://dummyimage.com/146x130.jpg/dddddd/000000",
      "product_name": "Aerio",
      "product_id": 6263,
      "category": "Suzuki",
      "price": 4467.8,
      "status": "Khaki",
      "ratings": 3,
      "views": 149.25,
      "sales": 12009.62,
      "action": 14
    },
    {
      "id": 15,
      "image": "http://dummyimage.com/125x130.jpg/dddddd/000000",
      "product_name": "Aerostar",
      "product_id": 4165,
      "category": "Ford",
      "price": 4351.18,
      "status": "Red",
      "ratings": 5,
      "views": 217.48,
      "sales": 14963.21,
      "action": 15
    },
    {
      "id": 16,
      "image": "http://dummyimage.com/108x116.jpg/dddddd/000000",
      "product_name": "Laser",
      "product_id": 2709,
      "category": "Ford",
      "price": 1093.76,
      "status": "Indigo",
      "ratings": 3,
      "views": 207.37,
      "sales": 3556.5,
      "action": 16
    },
    {
      "id": 17,
      "image": "http://dummyimage.com/137x150.jpg/5fa2dd/ffffff",
      "product_name": "626",
      "product_id": 7187,
      "category": "Mazda",
      "price": 3671.41,
      "status": "Puce",
      "ratings": 1,
      "views": 65.03,
      "sales": 3437.19,
      "action": 17
    },
    {
      "id": 18,
      "image": "http://dummyimage.com/135x136.jpg/5fa2dd/ffffff",
      "product_name": "Silhouette",
      "product_id": 6024,
      "category": "Oldsmobile",
      "price": 3763.6,
      "status": "Turquoise",
      "ratings": 1,
      "views": 152.34,
      "sales": 7906.0,
      "action": 18
    },
    {
      "id": 19,
      "image": "http://dummyimage.com/115x130.jpg/5fa2dd/ffffff",
      "product_name": "Phantom",
      "product_id": 5058,
      "category": "Rolls-Royce",
      "price": 4829.48,
      "status": "Crimson",
      "ratings": 3,
      "views": 35.97,
      "sales": 9747.08,
      "action": 19
    },
    {
      "id": 20,
      "image": "http://dummyimage.com/108x111.jpg/5fa2dd/ffffff",
      "product_name": "Aerostar",
      "product_id": 3353,
      "category": "Ford",
      "price": 4043.36,
      "status": "Purple",
      "ratings": 4,
      "views": 86.22,
      "sales": 2310.5,
      "action": 20
    },
    {
      "id": 21,
      "image": "http://dummyimage.com/137x114.jpg/dddddd/000000",
      "product_name": "LTD Crown Victoria",
      "product_id": 8044,
      "category": "Ford",
      "price": 4634.8,
      "status": "Fuscia",
      "ratings": 3,
      "views": 242.85,
      "sales": 6631.7,
      "action": 21
    },
    {
      "id": 22,
      "image": "http://dummyimage.com/114x112.jpg/ff4444/ffffff",
      "product_name": "V50",
      "product_id": 3442,
      "category": "Volvo",
      "price": 524.63,
      "status": "Fuscia",
      "ratings": 4,
      "views": 98.24,
      "sales": 3631.84,
      "action": 22
    },
    {
      "id": 23,
      "image": "http://dummyimage.com/136x113.jpg/dddddd/000000",
      "product_name": "X5",
      "product_id": 4590,
      "category": "BMW",
      "price": 3145.12,
      "status": "Red",
      "ratings": 1,
      "views": 170.81,
      "sales": 8299.06,
      "action": 23
    },
    {
      "id": 24,
      "image": "http://dummyimage.com/101x130.jpg/dddddd/000000",
      "product_name": "G6",
      "product_id": 6367,
      "category": "Pontiac",
      "price": 1646.78,
      "status": "Crimson",
      "ratings": 5,
      "views": 234.08,
      "sales": 4846.05,
      "action": 24
    },
    {
      "id": 25,
      "image": "http://dummyimage.com/108x114.jpg/cc0000/ffffff",
      "product_name": "Navigator",
      "product_id": 5017,
      "category": "Lincoln",
      "price": 2892.14,
      "status": "Blue",
      "ratings": 3,
      "views": 94.87,
      "sales": 4762.86,
      "action": 25
    },
    {
      "id": 26,
      "image": "http://dummyimage.com/126x135.jpg/5fa2dd/ffffff",
      "product_name": "DBS",
      "product_id": 8608,
      "category": "Aston Martin",
      "price": 697.1,
      "status": "Khaki",
      "ratings": 4,
      "views": 149.94,
      "sales": 10110.0,
      "action": 26
    },
    {
      "id": 27,
      "image": "http://dummyimage.com/138x119.jpg/ff4444/ffffff",
      "product_name": "MX-5",
      "product_id": 5483,
      "category": "Mazda",
      "price": 1270.83,
      "status": "Maroon",
      "ratings": 1,
      "views": 26.4,
      "sales": 11198.6,
      "action": 27
    },
    {
      "id": 28,
      "image": "http://dummyimage.com/108x149.jpg/dddddd/000000",
      "product_name": "Cayman",
      "product_id": 4089,
      "category": "Porsche",
      "price": 1002.96,
      "status": "Yellow",
      "ratings": 2,
      "views": 184.01,
      "sales": 22465.28,
      "action": 28
    },
    {
      "id": 29,
      "image": "http://dummyimage.com/138x149.jpg/cc0000/ffffff",
      "product_name": "Z8",
      "product_id": 8088,
      "category": "BMW",
      "price": 3147.17,
      "status": "Purple",
      "ratings": 1,
      "views": 149.41,
      "sales": 4900.9,
      "action": 29
    },
    {
      "id": 30,
      "image": "http://dummyimage.com/126x141.jpg/ff4444/ffffff",
      "product_name": "RL",
      "product_id": 7013,
      "category": "Acura",
      "price": 3392.7,
      "status": "Khaki",
      "ratings": 1,
      "views": 141.73,
      "sales": 17500.11,
      "action": 30
    },
    {
      "id": 31,
      "image": "http://dummyimage.com/102x148.jpg/cc0000/ffffff",
      "product_name": "W123",
      "product_id": 2706,
      "category": "Mercedes-Benz",
      "price": 4053.23,
      "status": "Green",
      "ratings": 1,
      "views": 245.25,
      "sales": 7821.82,
      "action": 31
    },
    {
      "id": 32,
      "image": "http://dummyimage.com/123x150.jpg/cc0000/ffffff",
      "product_name": "SLR McLaren",
      "product_id": 8094,
      "category": "Mercedes-Benz",
      "price": 2147.77,
      "status": "Teal",
      "ratings": 1,
      "views": 39.74,
      "sales": 19378.25,
      "action": 32
    },
    {
      "id": 33,
      "image": "http://dummyimage.com/124x133.jpg/dddddd/000000",
      "product_name": "Rodeo",
      "product_id": 2567,
      "category": "Isuzu",
      "price": 834.47,
      "status": "Teal",
      "ratings": 4,
      "views": 217.25,
      "sales": 11884.73,
      "action": 33
    },
    {
      "id": 34,
      "image": "http://dummyimage.com/141x117.jpg/ff4444/ffffff",
      "product_name": "Impala",
      "product_id": 8225,
      "category": "Chevrolet",
      "price": 4276.62,
      "status": "Purple",
      "ratings": 3,
      "views": 141.65,
      "sales": 7230.29,
      "action": 34
    },
    {
      "id": 35,
      "image": "http://dummyimage.com/116x136.jpg/cc0000/ffffff",
      "product_name": "Navigator",
      "product_id": 4020,
      "category": "Lincoln",
      "price": 1101.0,
      "status": "Red",
      "ratings": 1,
      "views": 85.14,
      "sales": 24648.59,
      "action": 35
    },
    {
      "id": 36,
      "image": "http://dummyimage.com/100x130.jpg/dddddd/000000",
      "product_name": "LSS",
      "product_id": 6722,
      "category": "Oldsmobile",
      "price": 3725.13,
      "status": "Red",
      "ratings": 2,
      "views": 95.81,
      "sales": 20874.41,
      "action": 36
    },
    {
      "id": 37,
      "image": "http://dummyimage.com/130x122.jpg/dddddd/000000",
      "product_name": "C70",
      "product_id": 7140,
      "category": "Volvo",
      "price": 2209.77,
      "status": "Violet",
      "ratings": 1,
      "views": 90.89,
      "sales": 11394.45,
      "action": 37
    },
    {
      "id": 38,
      "image": "http://dummyimage.com/111x124.jpg/dddddd/000000",
      "product_name": "Town Car",
      "product_id": 3481,
      "category": "Lincoln",
      "price": 1937.78,
      "status": "Green",
      "ratings": 5,
      "views": 103.63,
      "sales": 22290.56,
      "action": 38
    },
    {
      "id": 39,
      "image": "http://dummyimage.com/116x102.jpg/cc0000/ffffff",
      "product_name": "Silverado",
      "product_id": 8452,
      "category": "Chevrolet",
      "price": 4172.96,
      "status": "Puce",
      "ratings": 4,
      "views": 73.17,
      "sales": 7379.74,
      "action": 39
    },
    {
      "id": 40,
      "image": "http://dummyimage.com/102x121.jpg/5fa2dd/ffffff",
      "product_name": "CR-V",
      "product_id": 4445,
      "category": "Honda",
      "price": 4711.92,
      "status": "Yellow",
      "ratings": 4,
      "views": 71.42,
      "sales": 6961.74,
      "action": 40
    },
    {
      "id": 41,
      "image": "http://dummyimage.com/145x127.jpg/5fa2dd/ffffff",
      "product_name": "Phantom",
      "product_id": 4738,
      "category": "Rolls-Royce",
      "price": 2461.86,
      "status": "Orange",
      "ratings": 3,
      "views": 43.99,
      "sales": 14433.67,
      "action": 41
    },
    {
      "id": 42,
      "image": "http://dummyimage.com/136x111.jpg/dddddd/000000",
      "product_name": "Sidekick",
      "product_id": 8295,
      "category": "Suzuki",
      "price": 3119.84,
      "status": "Fuscia",
      "ratings": 4,
      "views": 182.03,
      "sales": 17200.22,
      "action": 42
    },
    {
      "id": 43,
      "image": "http://dummyimage.com/131x108.jpg/ff4444/ffffff",
      "product_name": "A6",
      "product_id": 7782,
      "category": "Audi",
      "price": 1135.15,
      "status": "Red",
      "ratings": 3,
      "views": 51.22,
      "sales": 8041.02,
      "action": 43
    },
    {
      "id": 44,
      "image": "http://dummyimage.com/100x145.jpg/5fa2dd/ffffff",
      "product_name": "Tucson",
      "product_id": 2925,
      "category": "Hyundai",
      "price": 1655.45,
      "status": "Red",
      "ratings": 1,
      "views": 49.03,
      "sales": 8418.31,
      "action": 44
    },
    {
      "id": 45,
      "image": "http://dummyimage.com/129x124.jpg/5fa2dd/ffffff",
      "product_name": "350Z",
      "product_id": 4509,
      "category": "Nissan",
      "price": 2424.24,
      "status": "Puce",
      "ratings": 1,
      "views": 144.32,
      "sales": 14970.13,
      "action": 45
    },
    {
      "id": 46,
      "image": "http://dummyimage.com/130x113.jpg/ff4444/ffffff",
      "product_name": "Range Rover",
      "product_id": 4702,
      "category": "Land Rover",
      "price": 2386.17,
      "status": "Blue",
      "ratings": 4,
      "views": 99.69,
      "sales": 4499.91,
      "action": 46
    },
    {
      "id": 47,
      "image": "http://dummyimage.com/105x138.jpg/cc0000/ffffff",
      "product_name": "Galant",
      "product_id": 7431,
      "category": "Mitsubishi",
      "price": 3744.7,
      "status": "Goldenrod",
      "ratings": 2,
      "views": 152.96,
      "sales": 19086.18,
      "action": 47
    },
    {
      "id": 48,
      "image": "http://dummyimage.com/135x108.jpg/5fa2dd/ffffff",
      "product_name": "C70",
      "product_id": 4096,
      "category": "Volvo",
      "price": 3801.69,
      "status": "Fuscia",
      "ratings": 3,
      "views": 191.54,
      "sales": 4691.11,
      "action": 48
    },
    {
      "id": 49,
      "image": "http://dummyimage.com/136x103.jpg/dddddd/000000",
      "product_name": "Cherokee",
      "product_id": 3251,
      "category": "Jeep",
      "price": 4710.49,
      "status": "Indigo",
      "ratings": 2,
      "views": 155.77,
      "sales": 12406.05,
      "action": 49
    },
    {
      "id": 50,
      "image": "http://dummyimage.com/130x116.jpg/5fa2dd/ffffff",
      "product_name": "Spirit",
      "product_id": 6527,
      "category": "Dodge",
      "price": 2344.73,
      "status": "Turquoise",
      "ratings": 5,
      "views": 189.66,
      "sales": 19052.5,
      "action": 50
    },
    {
      "id": 51,
      "image": "http://dummyimage.com/118x143.jpg/ff4444/ffffff",
      "product_name": "3500",
      "product_id": 8172,
      "category": "Chevrolet",
      "price": 4353.29,
      "status": "Red",
      "ratings": 1,
      "views": 201.21,
      "sales": 11948.71,
      "action": 51
    },
    {
      "id": 52,
      "image": "http://dummyimage.com/120x121.jpg/dddddd/000000",
      "product_name": "Tundra",
      "product_id": 4624,
      "category": "Toyota",
      "price": 4632.17,
      "status": "Violet",
      "ratings": 4,
      "views": 82.99,
      "sales": 20355.59,
      "action": 52
    },
    {
      "id": 53,
      "image": "http://dummyimage.com/126x112.jpg/dddddd/000000",
      "product_name": "Esprit",
      "product_id": 8690,
      "category": "Lotus",
      "price": 2371.82,
      "status": "Yellow",
      "ratings": 3,
      "views": 27.51,
      "sales": 20703.66,
      "action": 53
    },
    {
      "id": 54,
      "image": "http://dummyimage.com/147x113.jpg/5fa2dd/ffffff",
      "product_name": "Taurus",
      "product_id": 7179,
      "category": "Ford",
      "price": 2907.24,
      "status": "Indigo",
      "ratings": 4,
      "views": 69.65,
      "sales": 1042.01,
      "action": 54
    },
    {
      "id": 55,
      "image": "http://dummyimage.com/121x109.jpg/cc0000/ffffff",
      "product_name": "Echo",
      "product_id": 9000,
      "category": "Toyota",
      "price": 519.11,
      "status": "Purple",
      "ratings": 4,
      "views": 72.54,
      "sales": 22132.58,
      "action": 55
    },
    {
      "id": 56,
      "image": "http://dummyimage.com/134x140.jpg/dddddd/000000",
      "product_name": "Gallardo",
      "product_id": 3986,
      "category": "Lamborghini",
      "price": 3323.63,
      "status": "Aquamarine",
      "ratings": 4,
      "views": 35.41,
      "sales": 2098.6,
      "action": 56
    },
    {
      "id": 57,
      "image": "http://dummyimage.com/138x141.jpg/dddddd/000000",
      "product_name": "Silverado 1500",
      "product_id": 4168,
      "category": "Chevrolet",
      "price": 3625.57,
      "status": "Fuscia",
      "ratings": 4,
      "views": 197.58,
      "sales": 18300.6,
      "action": 57
    },
    {
      "id": 58,
      "image": "http://dummyimage.com/108x110.jpg/dddddd/000000",
      "product_name": "Sentra",
      "product_id": 4670,
      "category": "Nissan",
      "price": 825.71,
      "status": "Indigo",
      "ratings": 5,
      "views": 34.31,
      "sales": 2729.04,
      "action": 58
    },
    {
      "id": 59,
      "image": "http://dummyimage.com/128x104.jpg/ff4444/ffffff",
      "product_name": "Swift",
      "product_id": 5865,
      "category": "Suzuki",
      "price": 3970.94,
      "status": "Violet",
      "ratings": 3,
      "views": 65.83,
      "sales": 12573.89,
      "action": 59
    },
    {
      "id": 60,
      "image": "http://dummyimage.com/134x150.jpg/dddddd/000000",
      "product_name": "Bronco II",
      "product_id": 2823,
      "category": "Ford",
      "price": 4943.89,
      "status": "Violet",
      "ratings": 5,
      "views": 134.13,
      "sales": 2626.14,
      "action": 60
    },
    {
      "id": 61,
      "image": "http://dummyimage.com/135x118.jpg/ff4444/ffffff",
      "product_name": "Maxima",
      "product_id": 6117,
      "category": "Nissan",
      "price": 1314.43,
      "status": "Red",
      "ratings": 2,
      "views": 155.71,
      "sales": 7659.55,
      "action": 61
    },
    {
      "id": 62,
      "image": "http://dummyimage.com/111x116.jpg/cc0000/ffffff",
      "product_name": "LTD",
      "product_id": 3066,
      "category": "Ford",
      "price": 2133.02,
      "status": "Crimson",
      "ratings": 5,
      "views": 195.81,
      "sales": 8039.4,
      "action": 62
    },
    {
      "id": 63,
      "image": "http://dummyimage.com/122x104.jpg/5fa2dd/ffffff",
      "product_name": "Impreza",
      "product_id": 4631,
      "category": "Subaru",
      "price": 1156.83,
      "status": "Goldenrod",
      "ratings": 4,
      "views": 140.0,
      "sales": 19857.09,
      "action": 63
    },
    {
      "id": 64,
      "image": "http://dummyimage.com/107x102.jpg/cc0000/ffffff",
      "product_name": "ES",
      "product_id": 4257,
      "category": "Lexus",
      "price": 3784.61,
      "status": "Violet",
      "ratings": 3,
      "views": 146.48,
      "sales": 22074.29,
      "action": 64
    },
    {
      "id": 65,
      "image": "http://dummyimage.com/113x116.jpg/dddddd/000000",
      "product_name": "Mustang",
      "product_id": 2573,
      "category": "Ford",
      "price": 3419.64,
      "status": "Orange",
      "ratings": 5,
      "views": 60.39,
      "sales": 16465.72,
      "action": 65
    },
    {
      "id": 66,
      "image": "http://dummyimage.com/149x111.jpg/dddddd/000000",
      "product_name": "Villager",
      "product_id": 3498,
      "category": "Mercury",
      "price": 841.56,
      "status": "Turquoise",
      "ratings": 3,
      "views": 212.75,
      "sales": 8435.18,
      "action": 66
    },
    {
      "id": 67,
      "image": "http://dummyimage.com/143x125.jpg/5fa2dd/ffffff",
      "product_name": "Rapide",
      "product_id": 8269,
      "category": "Aston Martin",
      "price": 2279.97,
      "status": "Blue",
      "ratings": 1,
      "views": 176.08,
      "sales": 20301.02,
      "action": 67
    },
    {
      "id": 68,
      "image": "http://dummyimage.com/136x110.jpg/cc0000/ffffff",
      "product_name": "Cougar",
      "product_id": 8373,
      "category": "Mercury",
      "price": 927.52,
      "status": "Goldenrod",
      "ratings": 1,
      "views": 188.24,
      "sales": 11872.11,
      "action": 68
    },
    {
      "id": 69,
      "image": "http://dummyimage.com/137x106.jpg/5fa2dd/ffffff",
      "product_name": "Rendezvous",
      "product_id": 4269,
      "category": "Buick",
      "price": 3363.39,
      "status": "Fuscia",
      "ratings": 3,
      "views": 193.19,
      "sales": 8035.8,
      "action": 69
    },
    {
      "id": 70,
      "image": "http://dummyimage.com/112x143.jpg/cc0000/ffffff",
      "product_name": "EX",
      "product_id": 3946,
      "category": "Infiniti",
      "price": 4930.76,
      "status": "Yellow",
      "ratings": 4,
      "views": 126.02,
      "sales": 12791.97,
      "action": 70
    },
    {
      "id": 71,
      "image": "http://dummyimage.com/121x139.jpg/cc0000/ffffff",
      "product_name": "Accent",
      "product_id": 7892,
      "category": "Hyundai",
      "price": 3830.72,
      "status": "Goldenrod",
      "ratings": 3,
      "views": 124.08,
      "sales": 19571.49,
      "action": 71
    },
    {
      "id": 72,
      "image": "http://dummyimage.com/128x139.jpg/ff4444/ffffff",
      "product_name": "Astro",
      "product_id": 4652,
      "category": "Chevrolet",
      "price": 4913.92,
      "status": "Aquamarine",
      "ratings": 4,
      "views": 212.28,
      "sales": 20119.52,
      "action": 72
    },
    {
      "id": 73,
      "image": "http://dummyimage.com/133x139.jpg/cc0000/ffffff",
      "product_name": "Civic",
      "product_id": 6051,
      "category": "Honda",
      "price": 2563.79,
      "status": "Puce",
      "ratings": 1,
      "views": 116.09,
      "sales": 20030.81,
      "action": 73
    },
    {
      "id": 74,
      "image": "http://dummyimage.com/147x139.jpg/cc0000/ffffff",
      "product_name": "Sorento",
      "product_id": 5237,
      "category": "Kia",
      "price": 2914.14,
      "status": "Teal",
      "ratings": 5,
      "views": 236.53,
      "sales": 16978.79,
      "action": 74
    },
    {
      "id": 75,
      "image": "http://dummyimage.com/124x109.jpg/ff4444/ffffff",
      "product_name": "Armada",
      "product_id": 8364,
      "category": "Nissan",
      "price": 3684.97,
      "status": "Blue",
      "ratings": 3,
      "views": 130.84,
      "sales": 13255.9,
      "action": 75
    },
    {
      "id": 76,
      "image": "http://dummyimage.com/115x130.jpg/ff4444/ffffff",
      "product_name": "Optima",
      "product_id": 4323,
      "category": "Kia",
      "price": 1461.14,
      "status": "Orange",
      "ratings": 4,
      "views": 101.16,
      "sales": 23690.62,
      "action": 76
    },
    {
      "id": 77,
      "image": "http://dummyimage.com/104x121.jpg/dddddd/000000",
      "product_name": "CLS-Class",
      "product_id": 4251,
      "category": "Mercedes-Benz",
      "price": 2085.23,
      "status": "Yellow",
      "ratings": 1,
      "views": 119.02,
      "sales": 8245.55,
      "action": 77
    },
    {
      "id": 78,
      "image": "http://dummyimage.com/135x149.jpg/5fa2dd/ffffff",
      "product_name": "Golf",
      "product_id": 7886,
      "category": "Volkswagen",
      "price": 1897.07,
      "status": "Teal",
      "ratings": 2,
      "views": 44.73,
      "sales": 2243.87,
      "action": 78
    },
    {
      "id": 79,
      "image": "http://dummyimage.com/124x117.jpg/cc0000/ffffff",
      "product_name": "7 Series",
      "product_id": 5097,
      "category": "BMW",
      "price": 2707.74,
      "status": "Turquoise",
      "ratings": 1,
      "views": 222.04,
      "sales": 916.0,
      "action": 79
    },
    {
      "id": 80,
      "image": "http://dummyimage.com/100x104.jpg/dddddd/000000",
      "product_name": "Camry Hybrid",
      "product_id": 4118,
      "category": "Toyota",
      "price": 1128.78,
      "status": "Violet",
      "ratings": 1,
      "views": 71.7,
      "sales": 16129.99,
      "action": 80
    },
    {
      "id": 81,
      "image": "http://dummyimage.com/123x111.jpg/5fa2dd/ffffff",
      "product_name": "F150",
      "product_id": 7203,
      "category": "Ford",
      "price": 2781.51,
      "status": "Red",
      "ratings": 1,
      "views": 222.62,
      "sales": 16670.94,
      "action": 81
    },
    {
      "id": 82,
      "image": "http://dummyimage.com/135x145.jpg/cc0000/ffffff",
      "product_name": "Fortwo",
      "product_id": 8228,
      "category": "Smart",
      "price": 1861.13,
      "status": "Mauv",
      "ratings": 1,
      "views": 193.56,
      "sales": 16965.34,
      "action": 82
    },
    {
      "id": 83,
      "image": "http://dummyimage.com/133x142.jpg/cc0000/ffffff",
      "product_name": "DeVille",
      "product_id": 2627,
      "category": "Cadillac",
      "price": 1836.81,
      "status": "Indigo",
      "ratings": 4,
      "views": 75.68,
      "sales": 22355.88,
      "action": 83
    },
    {
      "id": 84,
      "image": "http://dummyimage.com/130x148.jpg/dddddd/000000",
      "product_name": "FX",
      "product_id": 3964,
      "category": "Infiniti",
      "price": 3816.3,
      "status": "Crimson",
      "ratings": 3,
      "views": 145.12,
      "sales": 14248.96,
      "action": 84
    },
    {
      "id": 85,
      "image": "http://dummyimage.com/108x117.jpg/5fa2dd/ffffff",
      "product_name": "SLS AMG",
      "product_id": 7594,
      "category": "Mercedes-Benz",
      "price": 4406.77,
      "status": "Red",
      "ratings": 1,
      "views": 51.0,
      "sales": 22274.67,
      "action": 85
    },
    {
      "id": 86,
      "image": "http://dummyimage.com/105x117.jpg/dddddd/000000",
      "product_name": "GL-Class",
      "product_id": 8698,
      "category": "Mercedes-Benz",
      "price": 913.37,
      "status": "Violet",
      "ratings": 2,
      "views": 180.68,
      "sales": 8121.49,
      "action": 86
    },
    {
      "id": 87,
      "image": "http://dummyimage.com/108x149.jpg/cc0000/ffffff",
      "product_name": "944",
      "product_id": 3662,
      "category": "Porsche",
      "price": 3791.05,
      "status": "Green",
      "ratings": 1,
      "views": 183.71,
      "sales": 3434.26,
      "action": 87
    },
    {
      "id": 88,
      "image": "http://dummyimage.com/150x144.jpg/5fa2dd/ffffff",
      "product_name": "7 Series",
      "product_id": 7334,
      "category": "BMW",
      "price": 3260.63,
      "status": "Red",
      "ratings": 5,
      "views": 109.11,
      "sales": 14741.55,
      "action": 88
    },
    {
      "id": 89,
      "image": "http://dummyimage.com/147x132.jpg/ff4444/ffffff",
      "product_name": "Range Rover Sport",
      "product_id": 7137,
      "category": "Land Rover",
      "price": 881.58,
      "status": "Khaki",
      "ratings": 4,
      "views": 56.45,
      "sales": 7291.83,
      "action": 89
    },
    {
      "id": 90,
      "image": "http://dummyimage.com/121x121.jpg/dddddd/000000",
      "product_name": "Fox",
      "product_id": 3556,
      "category": "Volkswagen",
      "price": 2881.28,
      "status": "Mauv",
      "ratings": 4,
      "views": 214.75,
      "sales": 12960.5,
      "action": 90
    },
    {
      "id": 91,
      "image": "http://dummyimage.com/142x122.jpg/ff4444/ffffff",
      "product_name": "Park Avenue",
      "product_id": 6428,
      "category": "Buick",
      "price": 1998.77,
      "status": "Teal",
      "ratings": 3,
      "views": 75.1,
      "sales": 21819.12,
      "action": 91
    },
    {
      "id": 92,
      "image": "http://dummyimage.com/122x126.jpg/cc0000/ffffff",
      "product_name": "ES",
      "product_id": 6545,
      "category": "Lexus",
      "price": 4714.16,
      "status": "Purple",
      "ratings": 4,
      "views": 195.76,
      "sales": 20286.3,
      "action": 92
    },
    {
      "id": 93,
      "image": "http://dummyimage.com/100x109.jpg/5fa2dd/ffffff",
      "product_name": "Camry",
      "product_id": 6886,
      "category": "Toyota",
      "price": 2166.38,
      "status": "Mauv",
      "ratings": 3,
      "views": 33.32,
      "sales": 9063.43,
      "action": 93
    },
    {
      "id": 94,
      "image": "http://dummyimage.com/114x112.jpg/dddddd/000000",
      "product_name": "Arnage",
      "product_id": 7761,
      "category": "Bentley",
      "price": 4003.93,
      "status": "Orange",
      "ratings": 1,
      "views": 192.67,
      "sales": 3686.2,
      "action": 94
    },
    {
      "id": 95,
      "image": "http://dummyimage.com/125x148.jpg/dddddd/000000",
      "product_name": "Aveo",
      "product_id": 4719,
      "category": "Chevrolet",
      "price": 1304.59,
      "status": "Red",
      "ratings": 1,
      "views": 162.24,
      "sales": 16132.96,
      "action": 95
    },
    {
      "id": 96,
      "image": "http://dummyimage.com/130x109.jpg/dddddd/000000",
      "product_name": "Voyager",
      "product_id": 4314,
      "category": "Plymouth",
      "price": 2893.33,
      "status": "Green",
      "ratings": 4,
      "views": 91.24,
      "sales": 1765.65,
      "action": 96
    },
    {
      "id": 97,
      "image": "http://dummyimage.com/100x114.jpg/ff4444/ffffff",
      "product_name": "Legacy",
      "product_id": 7024,
      "category": "Subaru",
      "price": 1647.24,
      "status": "Violet",
      "ratings": 2,
      "views": 74.24,
      "sales": 11125.43,
      "action": 97
    },
    {
      "id": 98,
      "image": "http://dummyimage.com/148x126.jpg/5fa2dd/ffffff",
      "product_name": "A8",
      "product_id": 5690,
      "category": "Audi",
      "price": 3548.96,
      "status": "Goldenrod",
      "ratings": 3,
      "views": 200.21,
      "sales": 2047.75,
      "action": 98
    },
    {
      "id": 99,
      "image": "http://dummyimage.com/112x141.jpg/cc0000/ffffff",
      "product_name": "CR-V",
      "product_id": 4885,
      "category": "Honda",
      "price": 1543.19,
      "status": "Maroon",
      "ratings": 2,
      "views": 206.24,
      "sales": 2555.12,
      "action": 99
    },
    {
      "id": 100,
      "image": "http://dummyimage.com/132x125.jpg/cc0000/ffffff",
      "product_name": "Exige",
      "product_id": 4481,
      "category": "Lotus",
      "price": 2383.31,
      "status": "Fuscia",
      "ratings": 5,
      "views": 170.82,
      "sales": 19404.73,
      "action": 100
    }
  ]
}
